Timestamp,North,East,Down,Heading_angle,Pitch_angle,Roll_angle
2221-05-06 00:00:16,6.93819282591e+169,4.18584057848e-62,2.80607002731e-32,1.39804356515e-76,1.3980432861e-76,1.39804356515e-76
2221-05-06 00:00:16,4.81722103307e-38,4.18204235117e-62,7.96552888414e-42,1.39804356515e-76,1.3980432861e-76,1.39804356515e-76
2221-05-06 00:00:16,8.33088475164e-71,4.18489041588e-62,9.59581399693e-71,1.39804356515e-76,1.3980432861e-76,1.39804356515e-76
2221-05-06 00:00:16,1.22037710296e+165,4.18583991221e-62,1.57150988223e-76,1.39804356515e-76,1.3980432861e-76,1.39804356515e-76
2221-05-06 00:00:16,4.31182550395e-33,4.18584059552e-62,1.25691504306e-71,1.39804356515e-76,1.3980432861e-76,1.39804356515e-76
2221-05-06 00:00:16,2.3425319518e-56,4.18583995539e-62,1.38099001307e-71,1.39804356515e-76,1.3980432861e-76,1.39804356515e-76
2221-05-06 00:00:16,8.76175447017e+169,4.18583983977e-62,1.44002161741e+160,1.39804356515e-76,1.3980432861e-76,1.39804356515e-76
2221-05-06 00:00:16,2.23084764856e+160,4.18583989755e-62,8.77689794986e-71,1.39804356515e-76,1.3980432861e-76,1.39804356515e-76
2221-05-06 00:00:16,7.93308722739e-67,4.18489100745e-62,8.01021189153e+165,1.39804356515e-76,1.3980432861e-76,1.39804356515e-76
2221-05-06 00:00:16,9.23642502379e-71,4.18583995562e-62,2.10946587154e-52,1.39804356515e-76,1.3980432861e-76,1.39804356515e-76
2221-05-06 00:00:16,7.24944894707e-42,4.18489036947e-62,7.31368972388e-42,1.39804356515e-76,1.3980432861e-76,1.39804356515e-76
2221-05-06 00:00:16,1.93383340885e+184,4.18489105324e-62,7.12773172847e-67,1.39804356515e-76,1.3980432861e-76,1.39804356515e-76
2221-05-06 00:00:16,5.99061781683e-66,4.18489102443e-62,8.93163161397e+165,1.39804356515e-76,1.3980432861e-76,1.39804356515e-76
2221-05-06 00:00:16,2.23037250957e+180,4.18299127324e-62,1.71763515807e+185,1.39804356515e-76,1.3980432861e-76,1.39804356515e-76
2221-05-06 00:00:16,1.11604360155e+165,4.18489099534e-62,2.83375997223e-32,1.39804356515e-76,1.3980432861e-76,1.39804356515e-76
2221-05-06 00:00:16,5.94201304234e-38,4.18584056661e-62,1.47730040321e+185,1.39804356515e-76,1.3980432861e-76,1.39804356515e-76
2221-05-06 00:00:16,1.63231722772e+185,4.18583991171e-62,1.26668945863e-71,1.39804356515e-76,1.3980432861e-76,1.39804356515e-76
2221-05-06 00:00:16,4.66459078633e-62,4.18109284085e-62,5.10619039204e-66,1.39804356515e-76,1.3980432861e-76,1.39804356515e-76
2221-05-06 00:00:16,1.79536231169e-52,4.18299125587e-62,1.56200757666e+185,1.39804356515e-76,1.3980432861e-76,1.39804356515e-76
2221-05-06 00:00:16,1.60023871899e-47,4.18489038669e-62,2.8053647307e-32,1.39804356515e-76,1.3980432861e-76,1.39804356515e-76
2221-05-06 00:00:16,8.07330692706e+169,4.18583986829e-62,9.60963877556e-71,1.39804356515e-76,1.3980432861e-76,1.39804356515e-76
2221-05-06 00:00:16,4.23260207953e+175,4.18489039886e-62,1.05119267108e-46,1.39804356515e-76,1.3980432861e-76,1.39804356515e-76
2221-05-06 00:00:16,4.55615694248e-37,4.1848902998e-62,3.40109248658e+175,1.39804356515e-76,1.3980432861e-76,1.39804356515e-76
2221-05-06 00:00:16,4.91243623211e-62,4.18583995805e-62,8.24808116796e-71,1.39804356515e-76,1.3980432861e-76,1.39804356515e-76
2221-05-06 00:00:16,1.3276466555e-75,4.1867901785e-62,1.32734839811e-47,1.39804356515e-76,1.3980432861e-76,1.39804356515e-76
2221-05-06 00:00:16,4.0048201907e+174,4.18583994073e-62,5.10524860142e-66,1.39804356515e-76,1.3980432861e-76,1.39804356515e-76
2221-05-06 00:00:16,5.92636627943e-62,4.18489040134e-62,3.31334297013e-33,1.39804356515e-76,1.3980432861e-76,1.39804356515e-76
2221-05-06 00:00:16,1.25758819506e-47,4.18678952672e-62,4.00482773886e+174,1.39804356515e-76,1.3980432861e-76,1.39804356515e-76
2221-05-06 00:00:16,1.21604879835e-46,4.18678945438e-62,9.23645265995e-71,1.39804356515e-76,1.3980432861e-76,1.39804356515e-76
2221-05-06 00:00:16,6.385664106e-67,4.18679017895e-62,2.65146919464e-52,1.39804356515e-76,1.3980432861e-76,1.39804356515e-76
2221-05-06 00:00:16,4.51774746368e-37,4.22477178311e-62,5.73998999085e+174,1.39804356515e-76,1.3980432861e-76,1.39804356515e-76
2221-05-06 00:00:16,1.43397598626e+161,4.18678951501e-62,3.42116155231e-32,1.39804356515e-76,1.3980432861e-76,1.39804356515e-76
2221-05-06 00:00:16,6.17421172522e-62,4.18583992925e-62,6.2810516618e+174,1.39804356515e-76,1.3980432861e-76,1.39804356515e-76
2221-05-06 00:00:16,1.70323297637e+160,4.18678945399e-62,1.8179471035e+185,1.39804356515e-76,1.3980432861e-76,1.39804356515e-76
2221-05-06 00:00:16,4.01460131092e-57,4.22477244983e-62,7.40564126263e-38,1.39804356515e-76,1.3980432861e-76,1.39804356515e-76
2221-05-06 00:00:16,4.75183453911e+174,4.18489106773e-62,3.54369872059e-33,1.39804356515e-76,1.3980432861e-76,1.39804356515e-76
2221-05-06 00:00:16,6.46078774444e+170,4.18583985397e-62,2.74137238522e-57,1.39804356515e-76,1.3980432861e-76,1.39804356515e-76
2221-05-06 00:00:16,1.25877869322e-75,4.22856619979e-62,6.48973534062e+169,1.39804356515e-76,1.3980432861e-76,1.39804356515e-76
2221-05-06 00:00:16,1.2928850871e+161,4.22856623126e-62,4.28063251761e-37,1.39804356515e-76,1.3980432861e-76,1.39804356515e-76
2221-05-06 00:00:16,2.64378626495e+180,4.22856695588e-62,4.76649627102e-38,1.39804356515e-76,1.3980432861e-76,1.39804356515e-76
2221-05-06 00:00:16,2.02334013654e-52,4.2285669122e-62,3.92270515255e+179,1.39804356515e-76,1.3980432861e-76,1.39804356515e-76
2221-05-06 00:00:16,1.05140231601e-46,4.22856623121e-62,5.80291957062e+170,1.39804356515e-76,1.3980432861e-76,1.39804356515e-76
2221-05-06 00:00:16,1.68715835544e+160,4.22571829988e-62,4.32565343467e-37,1.39804356515e-76,1.3980432861e-76,1.39804356515e-76
2221-05-06 00:00:16,1.42627462646e-71,4.22761739911e-62,9.27725024544e-72,1.39804356515e-76,1.3980432861e-76,1.39804356515e-76
2221-05-06 00:00:16,1.02273328455e+166,4.22761670352e-62,2.67776374704e+184,1.39804356515e-76,1.3980432861e-76,1.39804356515e-76
2221-05-06 00:00:16,1.00087140841e+165,4.22761668909e-62,1.35077463868e+161,1.39804356515e-76,1.3980432861e-76,1.39804356515e-76
2221-05-06 00:00:16,3.4199672499e-32,4.22571823932e-62,7.87076151648e-67,1.39804356515e-76,1.3980432861e-76,1.39804356515e-76
2221-05-06 00:00:16,5.26345527981e-37,4.22571763084e-62,1.43628857496e-51,1.39804356515e-76,1.3980432861e-76,1.39804356515e-76
2221-05-06 00:00:16,3.73153909764e-61,4.2276174136e-62,5.34528410457e-38,1.39804356515e-76,1.3980432861e-76,1.39804356515e-76
2221-05-06 00:00:16,4.01254926575e+174,4.18488667522e-62,1.647653578e+185,1.39804356515e-76,1.3980432861e-76,1.39804356515e-76
2221-05-06 00:00:16,1.53520428888e-51,4.22761668909e-62,1.37033989001e-71,1.39804356515e-76,1.3980432861e-76,1.39804356515e-76
2221-05-06 00:00:16,1.0013186637e+165,4.18678581751e-62,5.64238628393e-38,1.39804356515e-76,1.3980432861e-76,1.39804356515e-76
2221-05-06 00:00:16,2.35866437878e+184,4.22476872857e-62,1.81452720748e-52,1.39804356515e-76,1.3980432861e-76,1.39804356515e-76
2221-05-06 00:00:16,1.16459232929e+165,4.22856630117e-62,4.54779526084e+174,1.39804356515e-76,1.3980432861e-76,1.39804356515e-76
2221-05-06 00:00:16,3.0568622436e-57,4.22476803025e-62,2.21608806024e-56,1.39804356515e-76,1.3980432861e-76,1.39804356515e-76
2221-05-06 00:00:16,1.68718143378e-51,4.18678642872e-62,1.17358488477e+165,1.39804356515e-76,1.3980432861e-76,1.39804356515e-76
2221-05-06 00:00:16,2.34493170206e-56,4.18583997011e-62,8.24632629851e-71,1.39804356515e-76,1.3980432861e-76,1.39804356515e-76
2221-05-06 00:00:16,1.32390752972e-71,4.22476800411e-62,6.81807793758e-38,1.39804356515e-76,1.3980432861e-76,1.39804356515e-76
2221-05-06 00:00:16,1.00406400565e-42,4.22856621666e-62,7.66961953381e-42,1.39804356515e-76,1.3980432861e-76,1.39804356515e-76
2221-05-06 00:00:16,8.60419794413e-67,4.22571823943e-62,6.70633025362e+170,1.39804356515e-76,1.3980432861e-76,1.39804356515e-76
2221-05-06 00:00:16,5.92638482546e-62,4.2247680478e-62,6.64109630102e-66,1.39804356515e-76,1.3980432861e-76,1.39804356515e-76
2221-05-06 00:00:16,2.23336540864e-52,4.22856620229e-62,4.05508182251e+174,1.39804356515e-76,1.3980432861e-76,1.39804356515e-76
2221-05-06 00:00:16,5.85693993581e+170,4.1867894107e-62,4.01832296591e-57,1.39804356515e-76,1.3980432861e-76,1.39804356515e-76
2221-05-06 00:00:16,4.19565045864e+175,4.18204232263e-62,6.38589049833e-67,1.39804356515e-76,1.3980432861e-76,1.39804356515e-76
2221-05-06 00:00:16,1.42166761858e+161,4.1858398567e-62,1.2785526768e+161,1.39804356515e-76,1.3980432861e-76,1.39804356515e-76
2221-05-06 00:00:16,7.31705751386e+169,4.1810928263e-62,1.54734292929e+185,1.39804356515e-76,1.3980432861e-76,1.39804356515e-76
2221-05-06 00:00:16,1.4624179062e+185,4.18109217436e-62,1.28970167407e+165,1.39804356515e-76,1.3980432861e-76,1.39804356515e-76
2221-05-06 00:00:16,5.00092738104e+174,4.18204236604e-62,5.24861883948e+170,1.39804356515e-76,1.3980432861e-76,1.39804356515e-76
2221-05-06 00:00:16,1.88033671131e+160,4.18109276587e-62,1.68743455636e+160,1.39804356515e-76,1.3980432861e-76,1.39804356515e-76
2221-05-06 00:00:16,5.00091605915e+174,4.22666781037e-62,4.47192489598e-33,1.39804356515e-76,1.3980432861e-76,1.39804356515e-76
2221-05-06 00:00:16,5.26619958272e-37,4.22856689787e-62,1.5208498936e-51,1.39804356515e-76,1.3980432861e-76,1.39804356515e-76
2221-05-06 00:00:16,1.6869201667e-51,4.22951648109e-62,1.16092052054e-46,1.39804356515e-76,1.3980432861e-76,1.39804356515e-76
2221-05-06 00:00:16,9.045837753e-67,4.22856695335e-62,2.23147065667e+180,1.39804356515e-76,1.3980432861e-76,1.39804356515e-76
2221-05-06 00:00:16,1.52005160149e-47,4.22951584351e-62,3.54087403222e-61,1.39804356515e-76,1.3980432861e-76,1.39804356515e-76
2221-05-06 00:00:16,4.55068611583e+174,4.22666717578e-62,4.90845625414e-62,1.39804356515e-76,1.3980432861e-76,1.39804356515e-76
2221-05-06 00:00:16,4.22570638696e-62,4.17824348665e-62,4.04738470666e-37,1.39804356515e-76,1.3980432861e-76,1.39804356515e-76
2221-05-06 00:00:16,1.73767102753e-47,4.1782434866e-62,1.32655074489e-47,1.39804356515e-76,1.3980432861e-76,1.39804356515e-76
2221-05-06 00:00:16,9.58699704774e-43,4.22761739611e-62,3.11530247685e+179,1.39804356515e-76,1.3980432861e-76,1.39804356515e-76
2221-05-06 00:00:16,5.98654295583e+174,4.18204161499e-62,4.03629263106e+175,1.39804356515e-76,1.3980432861e-76,1.39804356515e-76
2221-05-06 00:00:16,5.9312921052e-62,4.18204174563e-62,2.81910453466e+179,1.39804356515e-76,1.3980432861e-76,1.39804356515e-76
2221-05-06 00:00:16,9.1455811892e-43,4.18109278289e-62,1.63066520192e+185,1.39804356515e-76,1.3980432861e-76,1.39804356515e-76
2221-05-06 00:00:16,3.22053240713e-57,4.1820416584e-62,1.10682258571e+165,1.39804356515e-76,1.3980432861e-76,1.39804356515e-76
2221-05-06 00:00:16,1.43736519411e-71,4.18299129956e-62,4.27781845256e-33,1.39804356515e-76,1.3980432861e-76,1.39804356515e-76
2221-05-06 00:00:16,8.00697350243e+169,4.18299119826e-62,6.24028415256e-42,1.39804356515e-76,1.3980432861e-76,1.39804356515e-76
2221-05-06 00:00:16,4.71492471379e-62,4.18394143567e-62,5.99250462888e-38,1.39804356515e-76,1.3980432861e-76,1.39804356515e-76
2221-05-06 00:00:16,1.88699763593e+185,4.22856693862e-62,8.23711668837e-71,1.39804356515e-76,1.3980432861e-76,1.39804356515e-76
2221-05-06 00:00:16,4.08235725173e-33,4.22856619956e-62,3.85838661153e-57,1.39804356515e-76,1.3980432861e-76,1.39804356515e-76
2221-05-06 00:00:16,3.41925019835e-32,4.18584059546e-62,2.32203295065e-56,1.39804356515e-76,1.3980432861e-76,1.39804356515e-76
2221-05-06 00:00:16,9.41964486578e-67,4.18299130229e-62,2.21590990067e-52,1.39804356515e-76,1.3980432861e-76,1.39804356515e-76
2221-05-06 00:00:16,5.22103517269e-37,4.18394072588e-62,1.66017240249e-76,1.39804356515e-76,1.3980432861e-76,1.39804356515e-76
2221-05-06 00:00:16,1.36340586631e+161,4.18394084207e-62,1.40861178999e-75,1.39804356515e-76,1.3980432861e-76,1.39804356515e-76
2221-05-06 00:00:16,4.79318961936e+174,4.18394075768e-62,9.42143035669e-47,1.39804356515e-76,1.3980432861e-76,1.39804356515e-76
2221-05-06 00:00:16,6.82131549728e-38,4.18678948296e-62,3.57808775569e-61,1.39804356515e-76,1.3980432861e-76,1.39804356515e-76
2221-05-06 00:00:16,3.60043363928e+179,4.22951648345e-62,3.54100459628e-61,1.39804356515e-76,1.3980432861e-76,1.39804356515e-76
2221-05-06 00:00:16,1.337350619e+165,4.17824412406e-62,3.14253355406e+179,1.39804356515e-76,1.3980432861e-76,1.39804356515e-76
2221-05-06 00:00:16,6.17888428943e-42,4.1839407286e-62,4.08847340753e+179,1.39804356515e-76,1.3980432861e-76,1.39804356515e-76
2221-05-06 00:00:16,3.26878457045e-32,4.18583983937e-62,3.70093578369e-33,1.39804356515e-76,1.3980432861e-76,1.39804356515e-76
2221-05-06 00:00:16,3.30524727843e+179,4.22477175689e-62,2.72687315425e-56,1.39804356515e-76,1.3980432861e-76,1.39804356515e-76
2221-05-06 00:00:16,1.65529662797e-47,4.22477245237e-62,3.42106281078e-32,1.39804356515e-76,1.3980432861e-76,1.39804356515e-76
2221-05-06 00:00:16,2.44306887618e-52,4.2247724235e-62,1.49004100334e+161,1.39804356515e-76,1.3980432861e-76,1.39804356515e-76
2221-05-06 00:00:16,1.46335025048e+185,4.22477239431e-62,9.89849069665e+164,1.39804356515e-76,1.3980432861e-76,1.39804356515e-76
2221-05-06 00:00:16,4.25796626827e+174,4.18584059552e-62,1.0294219546e-71,1.39804356515e-76,1.3980432861e-76,1.39804356515e-76
2221-05-06 00:00:16,1.79577173631e-52,4.22477169634e-62,5.53709799692e+174,1.39804356515e-76,1.3980432861e-76,1.39804356515e-76
2221-05-06 00:00:16,2.70197525894e-56,4.22477243516e-62,3.12241036146e-33,1.39804356515e-76,1.3980432861e-76,1.39804356515e-76
2221-05-06 00:00:16,2.95385261053e+179,4.22477171071e-62,2.25078183681e+184,1.39804356515e-76,1.3980432861e-76,1.39804356515e-76
2221-05-06 00:00:16,1.4373643305e-71,4.18584054973e-62,1.16023980077e-46,1.39804356515e-76,1.3980432861e-76,1.39804356515e-76
2221-05-06 00:00:16,1.61997334671e-51,4.18679012088e-62,1.6556129748e-47,1.39804356515e-76,1.3980432861e-76,1.39804356515e-76
2221-05-06 00:00:16,2.76998853188e-57,4.22477175407e-62,1.10925392991e-47,1.39804356515e-76,1.3980432861e-76,1.39804356515e-76
2221-05-06 00:00:16,1.84672977276e-76,4.22477240614e-62,8.38557329468e+169,1.39804356515e-76,1.3980432861e-76,1.39804356515e-76
2221-05-06 00:00:16,5.04455438667e+174,4.22477237744e-62,6.64321532993e-66,1.39804356515e-76,1.3980432861e-76,1.39804356515e-76
2221-05-06 00:00:16,3.1135167512e+179,4.2247717106e-62,8.97221508244e-67,1.39804356515e-76,1.3980432861e-76,1.39804356515e-76
2221-05-06 00:00:16,5.79348927116e+170,4.18678947149e-62,9.0443662055e-67,1.39804356515e-76,1.3980432861e-76,1.39804356515e-76
2221-05-06 00:00:16,1.22502260586e-46,4.22477240596e-62,1.86989633133e-51,1.39804356515e-76,1.3980432861e-76,1.39804356515e-76
2221-05-06 00:00:16,3.83701533816e+175,4.22477166742e-62,2.67837842696e-32,1.39804356515e-76,1.3980432861e-76,1.39804356515e-76
2221-05-06 00:00:16,1.22082347956e+165,4.18489105051e-62,3.79215427344e+179,1.39804356515e-76,1.3980432861e-76,1.39804356515e-76
2221-05-06 00:00:16,8.33089166058e-71,4.18489029992e-62,7.40562781017e-38,1.39804356515e-76,1.3980432861e-76,1.39804356515e-76
2221-05-06 00:00:16,9.34746544372e-67,4.18489039863e-62,2.57452790617e-56,1.39804356515e-76,1.3980432861e-76,1.39804356515e-76
2221-05-06 00:00:16,2.31819277364e-52,4.18489029997e-62,3.12015341231e-33,1.39804356515e-76,1.3980432861e-76,1.39804356515e-76
2221-05-06 00:00:16,1.88799092622e+185,4.18489041577e-62,9.13858153957e-43,1.39804356515e-76,1.3980432861e-76,1.39804356515e-76
2221-05-06 00:00:16,1.06081128303e-46,4.18489041565e-62,5.64435533602e-62,1.39804356515e-76,1.3980432861e-76,1.39804356515e-76
2221-05-06 00:00:16,2.21403425742e+160,4.18583995528e-62,2.57751300881e-56,1.39804356515e-76,1.3980432861e-76,1.39804356515e-76
2221-05-06 00:00:16,4.04753896138e-37,4.18489031152e-62,1.51073305566e+160,1.39804356515e-76,1.3980432861e-76,1.39804356515e-76
2221-05-06 00:00:16,1.57406934451e+161,4.1848903696e-62,3.80131969215e+175,1.39804356515e-76,1.3980432861e-76,1.39804356515e-76
2221-05-06 00:00:16,2.70386938921e-56,4.18489028537e-62,3.34260361032e-61,1.39804356515e-76,1.3980432861e-76,1.39804356515e-76
2221-05-06 00:00:16,3.40597583155e-57,4.18583995517e-62,4.23338102556e+175,1.39804356515e-76,1.3980432861e-76,1.39804356515e-76
2221-05-06 00:00:16,1.25823682424e-75,4.18583996978e-62,8.84523841001e+165,1.39804356515e-76,1.3980432861e-76,1.39804356515e-76
2221-05-06 00:00:16,1.36313020178e+161,4.22477166979e-62,4.01781491505e-57,1.39804356515e-76,1.3980432861e-76,1.39804356515e-76
2221-05-06 00:00:16,1.5483362195e+185,4.18489041584e-62,1.63364377606e+185,1.39804356515e-76,1.3980432861e-76,1.39804356515e-76
2221-05-06 00:00:16,3.43959715251e+179,4.18489041584e-62,3.31725736632e-33,1.39804356515e-76,1.3980432861e-76,1.39804356515e-76
2221-05-06 00:00:16,2.03957149425e+184,4.18489032618e-62,2.16579132925e+184,1.39804356515e-76,1.3980432861e-76,1.39804356515e-76
2221-05-06 00:00:16,8.37672231128e+169,4.183941511e-62,3.15688761077e-33,1.39804356515e-76,1.3980432861e-76,1.39804356515e-76
2221-05-06 00:00:16,3.05935144971e-57,4.18394080098e-62,4.12592860205e-61,1.39804356515e-76,1.3980432861e-76,1.39804356515e-76
2221-05-06 00:00:16,3.95309463883e+179,4.18394077213e-62,5.88287954675e-62,1.39804356515e-76,1.3980432861e-76,1.39804356515e-76
2221-05-06 00:00:16,4.25797004224e+174,4.18489102148e-62,4.25910223119e+174,1.39804356515e-76,1.3980432861e-76,1.39804356515e-76
2221-05-06 00:00:16,6.56491974794e+169,4.18489103597e-62,1.58864886054e-76,1.39804356515e-76,1.3980432861e-76,1.39804356515e-76
2221-05-06 00:00:16,9.41708711352e-47,4.18678941093e-62,1.53154448981e-47,1.39804356515e-76,1.3980432861e-76,1.39804356515e-76
2221-05-06 00:00:16,4.85184760872e-33,4.18679010882e-62,1.13827254503e-42,1.39804356515e-76,1.3980432861e-76,1.39804356515e-76
2221-05-06 00:00:16,3.40186237473e+175,4.18678950041e-62,1.45076015183e+165,1.39804356515e-76,1.3980432861e-76,1.39804356515e-76
2221-05-06 00:00:16,1.56165693224e+161,4.18678947137e-62,1.53405234909e-75,1.39804356515e-76,1.3980432861e-76,1.39804356515e-76
2221-05-06 00:00:16,3.05999076729e-57,4.22477173946e-62,3.73774385787e-61,1.39804356515e-76,1.3980432861e-76,1.39804356515e-76
2221-05-06 00:00:16,6.88905249827e-42,4.22477172498e-62,1.43569339582e-51,1.39804356515e-76,1.3980432861e-76,1.39804356515e-76
2221-05-06 00:00:16,2.67734879538e+184,4.22477243505e-62,6.07874450317e-67,1.39804356515e-76,1.3980432861e-76,1.39804356515e-76
2221-05-06 00:00:16,9.84801462471e-72,4.18489034089e-62,1.39727576454e-75,1.39804356515e-76,1.3980432861e-76,1.39804356515e-76
2221-05-06 00:00:16,9.59406603599e-71,4.18489032878e-62,1.28943894454e+165,1.39804356515e-76,1.3980432861e-76,1.39804356515e-76
2221-05-06 00:00:16,3.15837754968e-33,4.18489099273e-62,1.14310243214e-71,1.39804356515e-76,1.3980432861e-76,1.39804356515e-76
2221-05-06 00:00:16,1.21544492057e-46,4.22477173946e-62,6.1723163211e-62,1.39804356515e-76,1.3980432861e-76,1.39804356515e-76
2221-05-06 00:00:16,2.35953438115e+180,4.18489030003e-62,2.25477907371e+180,1.39804356515e-76,1.3980432861e-76,1.39804356515e-76
2221-05-06 00:00:16,8.9370443692e+165,4.18394151112e-62,1.25666814525e-75,1.39804356515e-76,1.3980432861e-76,1.39804356515e-76
2221-05-06 00:00:16,4.7619179484e-38,4.18489100716e-62,9.96277379155e-47,1.39804356515e-76,1.3980432861e-76,1.39804356515e-76
2221-05-06 00:00:16,7.24335306886e+169,4.18678946876e-62,9.14062491708e+169,1.39804356515e-76,1.3980432861e-76,1.39804356515e-76
2221-05-06 00:00:16,2.62460143348e+179,4.18678951489e-62,3.34714664602e-61,1.39804356515e-76,1.3980432861e-76,1.39804356515e-76
2221-05-06 00:00:16,8.78364797878e-71,4.18679014998e-62,2.62535579136e+179,1.39804356515e-76,1.3980432861e-76,1.39804356515e-76
2221-05-06 00:00:16,1.77233793156e-51,4.18679010888e-62,1.57387133457e-76,1.39804356515e-76,1.3980432861e-76,1.39804356515e-76
2221-05-06 00:00:16,5.6458166623e-38,4.22477166735e-62,5.88476382348e-62,1.39804356515e-76,1.3980432861e-76,1.39804356515e-76
2221-05-06 00:00:16,1.0878292261e-71,4.224772435e-62,8.07453926989e+169,1.39804356515e-76,1.3980432861e-76,1.39804356515e-76
2221-05-06 00:00:16,4.05409304412e+174,4.22477172514e-62,5.64927394615e-38,1.39804356515e-76,1.3980432861e-76,1.39804356515e-76
2221-05-06 00:00:16,2.69734589443e+184,4.22477168195e-62,3.0624629575e-57,1.39804356515e-76,1.3980432861e-76,1.39804356515e-76
2221-05-06 00:00:16,1.59854213049e+160,4.22477176861e-62,1.39290956834e+165,1.39804356515e-76,1.3980432861e-76,1.39804356515e-76
2221-05-06 00:00:16,1.91892406205e-76,4.22477168167e-62,7.96667291296e-42,1.39804356515e-76,1.3980432861e-76,1.39804356515e-76
2221-05-06 00:00:16,1.10497644935e+165,4.22477178581e-62,3.88390826677e-57,1.39804356515e-76,1.3980432861e-76,1.39804356515e-76
2221-05-06 00:00:16,5.10764630552e-38,4.22477177139e-62,2.46406693705e+184,1.39804356515e-76,1.3980432861e-76,1.39804356515e-76
2221-05-06 00:00:16,1.39872062231e-76,4.22477240635e-62,8.77868736399e-71,1.39804356515e-76,1.3980432861e-76,1.39804356515e-76
2221-05-06 00:00:16,1.11599966684e+165,4.22477240648e-62,3.14250826545e-32,1.39804356515e-76,1.3980432861e-76,1.39804356515e-76
2221-05-06 00:00:16,1.13056471921e-42,4.22477178344e-62,1.09378063456e-42,1.39804356515e-76,1.3980432861e-76,1.39804356515e-76
2221-05-06 00:00:16,5.75531052381e-66,4.18583991171e-62,5.24339314518e+174,1.39804356515e-76,1.3980432861e-76,1.39804356515e-76
2221-05-06 00:00:16,4.08146387602e-33,4.18584059291e-62,1.01387940953e-70,1.39804356515e-76,1.3980432861e-76,1.39804356515e-76
2221-05-06 00:00:16,1.45087815389e-47,4.22572126737e-62,1.09322230471e-42,1.39804356515e-76,1.3980432861e-76,1.39804356515e-76
2221-05-06 00:00:16,2.65099604624e-52,4.1848910533e-62,1.54700578115e+185,1.39804356515e-76,1.3980432861e-76,1.39804356515e-76
2221-05-06 00:00:16,8.6916693292e-71,4.22762035488e-62,1.92023044887e-52,1.39804356515e-76,1.3980432861e-76,1.39804356515e-76
2221-05-06 00:00:16,1.71141911271e-52,4.22856993782e-62,1.70322895411e+160,1.39804356515e-76,1.3980432861e-76,1.39804356515e-76
2221-05-06 00:00:16,1.43699845663e-51,4.22856998116e-62,1.19965465469e-71,1.39804356515e-76,1.3980432861e-76,1.39804356515e-76
2221-05-06 00:00:16,2.27194922882e+184,4.22477244959e-62,5.6416884168e-62,1.39804356515e-76,1.3980432861e-76,1.39804356515e-76
2221-05-06 00:00:16,3.35110278723e-33,4.18678944233e-62,5.3519296224e-38,1.39804356515e-76,1.3980432861e-76,1.39804356515e-76
2221-05-06 00:00:16,6.02985672258e+174,4.18679017879e-62,9.17152626999e-72,1.39804356515e-76,1.3980432861e-76,1.39804356515e-76
2221-05-06 00:00:16,1.34945423769e+161,4.22856999587e-62,5.35101933892e-38,1.39804356515e-76,1.3980432861e-76,1.39804356515e-76
2221-05-06 00:00:16,3.54055721176e-33,4.22857060685e-62,1.39533600012e-75,1.39804356515e-76,1.3980432861e-76,1.39804356515e-76
2221-05-06 00:00:16,5.40495475602e-38,4.18679014952e-62,2.33866878407e-52,1.39804356515e-76,1.3980432861e-76,1.39804356515e-76
2221-05-06 00:00:16,3.88902075711e-33,4.18679010883e-62,3.29598786086e-32,1.39804356515e-76,1.3980432861e-76,1.39804356515e-76
2221-05-06 00:00:16,1.82587954698e+184,4.22477166701e-62,3.54357823242e-33,1.39804356515e-76,1.3980432861e-76,1.39804356515e-76
2221-05-06 00:00:16,2.64369524736e+180,4.18678947131e-62,4.28065045423e-37,1.39804356515e-76,1.3980432861e-76,1.39804356515e-76
2221-05-06 00:00:16,1.93415753808e-76,4.22857065037e-62,3.99840204831e+175,1.39804356515e-76,1.3980432861e-76,1.39804356515e-76
2221-05-06 00:00:16,5.3508040992e-38,4.17919740492e-62,4.54779903481e+174,1.39804356515e-76,1.3980432861e-76,1.39804356515e-76
2221-05-06 00:00:16,1.71215352808e-52,4.22856993799e-62,1.71670281379e+185,1.39804356515e-76,1.3980432861e-76,1.39804356515e-76
2221-05-06 00:00:16,1.73713229839e-47,4.17919675269e-62,1.32786382484e-75,1.39804356515e-76,1.3980432861e-76,1.39804356515e-76
2221-05-06 00:00:16,1.64698576526e+185,4.22857061885e-62,1.86995113369e-51,1.39804356515e-76,1.3980432861e-76,1.39804356515e-76
2221-05-06 00:00:16,3.40712176876e+175,4.22856990895e-62,2.62523459946e+179,1.39804356515e-76,1.3980432861e-76,1.39804356515e-76
2221-05-06 00:00:16,1.86386790083e+160,4.17919666576e-62,3.73837887397e-61,1.39804356515e-76,1.3980432861e-76,1.39804356515e-76
2221-05-06 00:00:16,1.72345108403e-47,4.2285706476e-62,6.52880509299e-38,1.39804356515e-76,1.3980432861e-76,1.39804356515e-76
2221-05-06 00:00:16,7.24666824542e-42,4.22856995224e-62,1.77667692595e+160,1.39804356515e-76,1.3980432861e-76,1.39804356515e-76
2221-05-06 00:00:16,6.00008552931e-66,4.22857063335e-62,2.05614391131e+160,1.39804356515e-76,1.3980432861e-76,1.39804356515e-76
2221-05-06 00:00:16,1.45002516609e-47,4.18679010883e-62,2.14222740135e+160,1.39804356515e-76,1.3980432861e-76,1.39804356515e-76
2221-05-06 00:00:16,6.23010655414e-38,4.22762036915e-62,6.93963823729e+169,1.39804356515e-76,1.3980432861e-76,1.39804356515e-76
2221-05-06 00:00:16,2.25427254092e+180,4.22762109122e-62,1.6574348398e-47,1.39804356515e-76,1.3980432861e-76,1.39804356515e-76
2221-05-06 00:00:16,1.58745747462e-47,4.22762036671e-62,2.48439307972e+184,1.39804356515e-76,1.3980432861e-76,1.39804356515e-76
2221-05-06 00:00:16,2.11069095912e-52,4.22762109089e-62,2.00497815927e-52,1.39804356515e-76,1.3980432861e-76,1.39804356515e-76
2221-05-06 00:00:16,5.53903026545e+174,4.22762045365e-62,9.73529535326e-72,1.39804356515e-76,1.3980432861e-76,1.39804356515e-76
2221-05-06 00:00:16,6.39731865225e+170,4.22762110561e-62,2.00669391926e-52,1.39804356515e-76,1.3980432861e-76,1.39804356515e-76
2221-05-06 00:00:16,2.21707790849e-56,4.22762035211e-62,2.10776444938e-52,1.39804356515e-76,1.3980432861e-76,1.39804356515e-76
2221-05-06 00:00:16,9.91828767419e+164,4.22667084153e-62,6.0135492736e-67,1.39804356515e-76,1.3980432861e-76,1.39804356515e-76
2221-05-06 00:00:16,5.79327735433e+170,4.22667079795e-62,1.45194420779e-51,1.39804356515e-76,1.3980432861e-76,1.39804356515e-76
2221-05-06 00:00:16,2.57701516747e-56,4.2266715224e-62,3.42106751276e-32,1.39804356515e-76,1.3980432861e-76,1.39804356515e-76
2221-05-06 00:00:16,3.38056510957e-61,4.22667154883e-62,1.77503044713e+160,1.39804356515e-76,1.3980432861e-76,1.39804356515e-76
2221-05-06 00:00:16,5.55172441021e+170,4.22667085318e-62,1.10610029916e+165,1.39804356515e-76,1.3980432861e-76,1.39804356515e-76
2221-05-06 00:00:16,1.21071326847e-71,4.22667078056e-62,5.93991894219e-38,1.39804356515e-76,1.3980432861e-76,1.39804356515e-76
2221-05-06 00:00:16,3.69659064503e-57,4.22572124128e-62,5.19182052071e+170,1.39804356515e-76,1.3980432861e-76,1.39804356515e-76
2221-05-06 00:00:16,6.55904020749e+169,4.22572124116e-62,9.84543241085e-72,1.39804356515e-76,1.3980432861e-76,1.39804356515e-76
2221-05-06 00:00:16,4.00676000739e+174,4.22762110532e-62,8.38308749047e+165,1.39804356515e-76,1.3980432861e-76,1.39804356515e-76
2221-05-06 00:00:16,3.29525905422e-32,4.2276211198e-62,4.98150595753e-37,1.39804356515e-76,1.3980432861e-76,1.39804356515e-76
2221-05-06 00:00:16,1.84780112362e-76,4.22477239424e-62,1.4238343709e+160,1.39804356515e-76,1.3980432861e-76,1.39804356515e-76
2221-05-06 00:00:16,3.93517168759e-62,4.22667091102e-62,1.57353398424e-76,1.39804356515e-76,1.3980432861e-76,1.39804356515e-76
2221-05-06 00:00:16,9.35298374816e-67,4.22572132822e-62,5.92749387833e-62,1.39804356515e-76,1.3980432861e-76,1.39804356515e-76
2221-05-06 00:00:16,8.60432965735e-43,4.2257219658e-62,1.03980259035e-42,1.39804356515e-76,1.3980432861e-76,1.39804356515e-76
2221-05-06 00:00:16,1.91830602569e-76,4.22572132798e-62,1.71763256462e+185,1.39804356515e-76,1.3980432861e-76,1.39804356515e-76
2221-05-06 00:00:16,2.12850316907e+160,4.22572132816e-62,2.47147866255e-56,1.39804356515e-76,1.3980432861e-76,1.39804356515e-76
2221-05-06 00:00:16,3.94180003898e-62,4.22667153399e-62,1.31444056181e-71,1.39804356515e-76,1.3980432861e-76,1.39804356515e-76
2221-05-06 00:00:16,4.35217237287e-61,4.22572135471e-62,3.3761029275e-57,1.39804356515e-76,1.3980432861e-76,1.39804356515e-76
2221-05-06 00:00:16,1.6683942191e-47,4.22572129906e-62,5.05577808391e-38,1.39804356515e-76,1.3980432861e-76,1.39804356515e-76
2221-05-06 00:00:16,1.04025516438e-71,4.22572125571e-62,1.70287766954e+160,1.39804356515e-76,1.3980432861e-76,1.39804356515e-76
2221-05-06 00:00:16,9.15512067854e-71,4.22667081254e-62,2.00365434255e-76,1.39804356515e-76,1.3980432861e-76,1.39804356515e-76
2221-05-06 00:00:16,1.17471224925e+165,4.22572131356e-62,2.72628585718e-56,1.39804356515e-76,1.3980432861e-76,1.39804356515e-76
2221-05-06 00:00:16,2.58143846156e-57,4.22572128463e-62,5.64124282439e-38,1.39804356515e-76,1.3980432861e-76,1.39804356515e-76
2221-05-06 00:00:16,3.11110375823e-32,4.2257212676e-62,1.25774766632e-75,1.39804356515e-76,1.3980432861e-76,1.39804356515e-76
2221-05-06 00:00:16,1.85526792409e-51,4.22572193376e-62,1.74619410215e-76,1.39804356515e-76,1.3980432861e-76,1.39804356515e-76
2221-05-06 00:00:16,8.30111568496e-67,4.2257219655e-62,8.78366179708e-71,1.39804356515e-76,1.3980432861e-76,1.39804356515e-76
2221-05-06 00:00:16,1.452336529e+165,4.22572134005e-62,1.8474440608e+184,1.39804356515e-76,1.3980432861e-76,1.39804356515e-76
2221-05-06 00:00:16,8.97945396555e-67,4.22667078335e-62,4.01283650283e-57,1.39804356515e-76,1.3980432861e-76,1.39804356515e-76
2221-05-06 00:00:16,1.14306097848e-71,4.1867901785e-62,1.82991628489e-76,1.39804356515e-76,1.3980432861e-76,1.39804356515e-76
2221-05-06 00:00:16,1.7113426443e-52,4.22572129906e-62,2.05866574959e+184,1.39804356515e-76,1.3980432861e-76,1.39804356515e-76
2221-05-06 00:00:16,1.16436650491e+165,4.22572125322e-62,1.60059754753e+160,1.39804356515e-76,1.3980432861e-76,1.39804356515e-76
2221-05-06 00:00:16,1.83289182018e-76,4.22572196302e-62,7.87102752706e-67,1.39804356515e-76,1.3980432861e-76,1.39804356515e-76
2221-05-06 00:00:16,2.58205833222e-57,4.22572123874e-62,4.88794997915e-33,1.39804356515e-76,1.3980432861e-76,1.39804356515e-76
2221-05-06 00:00:16,9.06881767615e-43,4.22667086756e-62,1.18752714004e-75,1.39804356515e-76,1.3980432861e-76,1.39804356515e-76
2221-05-06 00:00:16,8.17168559877e-43,4.22667153406e-62,1.02363306735e+166,1.39804356515e-76,1.3980432861e-76,1.39804356515e-76
2221-05-06 00:00:16,5.40062674133e-66,4.22667088221e-62,4.47281239422e-33,1.39804356515e-76,1.3980432861e-76,1.39804356515e-76
2221-05-06 00:00:16,1.11661443398e-46,4.22667153416e-62,1.0137018499e-70,1.39804356515e-76,1.3980432861e-76,1.39804356515e-76
2221-05-06 00:00:16,1.25780025028e-71,4.22667153405e-62,6.82383110855e-38,1.39804356515e-76,1.3980432861e-76,1.39804356515e-76
2221-05-06 00:00:16,3.73685068085e-61,4.22762107651e-62,1.46223589679e+165,1.39804356515e-76,1.3980432861e-76,1.39804356515e-76
2221-05-06 00:00:16,6.40656467591e+170,4.18584056382e-62,4.67107818812e-62,1.39804356515e-76,1.3980432861e-76,1.39804356515e-76
2221-05-06 00:00:16,4.43124836572e+175,4.22572128463e-62,3.69928421413e-33,1.39804356515e-76,1.3980432861e-76,1.39804356515e-76
2221-05-06 00:00:16,2.98171190695e+179,4.18583997255e-62,3.92725958853e-33,1.39804356515e-76,1.3980432861e-76,1.39804356515e-76
2221-05-06 00:00:16,5.24744868971e+170,4.18679010888e-62,2.05948754818e+184,1.39804356515e-76,1.3980432861e-76,1.39804356515e-76
2221-05-06 00:00:16,3.30524480512e+179,4.1839407986e-62,7.86956135466e-71,1.39804356515e-76,1.3980432861e-76,1.39804356515e-76
2221-05-06 00:00:16,8.00840529603e+165,4.18299189356e-62,8.97772772708e-67,1.39804356515e-76,1.3980432861e-76,1.39804356515e-76
2221-05-06 00:00:16,5.06035192183e-38,4.18394147936e-62,2.5731959547e+184,1.39804356515e-76,1.3980432861e-76,1.39804356515e-76
2221-05-06 00:00:16,3.79977085778e+175,4.18394149375e-62,2.19309596348e-56,1.39804356515e-76,1.3980432861e-76,1.39804356515e-76
2221-05-06 00:00:16,7.78997042483e-71,4.18204162948e-62,1.46339734209e-47,1.39804356515e-76,1.3980432861e-76,1.39804356515e-76
2221-05-06 00:00:16,6.75679870837e+170,4.18109214538e-62,3.4673451504e+179,1.39804356515e-76,1.3980432861e-76,1.39804356515e-76
2221-05-06 00:00:16,9.58112976244e+169,4.18204164392e-62,2.62251782919e+180,1.39804356515e-76,1.3980432861e-76,1.39804356515e-76
2221-05-06 00:00:16,6.44938212792e-67,4.18204165592e-62,3.40859387367e-57,1.39804356515e-76,1.3980432861e-76,1.39804356515e-76
2221-05-06 00:00:16,1.20188245092e-75,4.18204164159e-62,1.40802353534e-75,1.39804356515e-76,1.3980432861e-76,1.39804356515e-76
2221-05-06 00:00:16,9.13859522371e-43,4.18204161256e-62,5.9420040743e-38,1.39804356515e-76,1.3980432861e-76,1.39804356515e-76
2221-05-06 00:00:16,4.31091743457e-33,4.18204235144e-62,4.85333754799e-33,1.39804356515e-76,1.3980432861e-76,1.39804356515e-76
2221-05-06 00:00:16,1.32656502599e-75,4.18109276546e-62,1.80228786912e+185,1.39804356515e-76,1.3980432861e-76,1.39804356515e-76
2221-05-06 00:00:16,1.58875000693e-47,4.18299193719e-62,2.02051922371e-76,1.39804356515e-76,1.3980432861e-76,1.39804356515e-76
2221-05-06 00:00:16,4.50526647805e+174,4.18394078418e-62,1.0397964323e-42,1.39804356515e-76,1.3980432861e-76,1.39804356515e-76
2221-05-06 00:00:16,9.38871422551e+165,4.18299195417e-62,3.31560285802e-33,1.39804356515e-76,1.3980432861e-76,1.39804356515e-76
2221-05-06 00:00:16,2.82784546639e-56,4.18299125633e-62,1.66839735131e-47,1.39804356515e-76,1.3980432861e-76,1.39804356515e-76
2221-05-06 00:00:16,5.69849066543e-66,4.18299125588e-62,9.72825687589e-72,1.39804356515e-76,1.3980432861e-76,1.39804356515e-76
2221-05-06 00:00:16,5.49841350545e+170,4.18299192519e-62,7.1176006875e-67,1.39804356515e-76,1.3980432861e-76,1.39804356515e-76
2221-05-06 00:00:16,5.39829943181e-66,4.18394143607e-62,1.35105244847e+161,1.39804356515e-76,1.3980432861e-76,1.39804356515e-76
2221-05-06 00:00:16,6.11703236465e+169,4.18394150823e-62,9.91160081263e+164,1.39804356515e-76,1.3980432861e-76,1.39804356515e-76
2221-05-06 00:00:16,1.73297021146e+185,4.18299125632e-62,3.69972159974e-57,1.39804356515e-76,1.3980432861e-76,1.39804356515e-76
2221-05-06 00:00:16,3.92723607846e-33,4.18299127087e-62,3.92828429415e-61,1.39804356515e-76,1.3980432861e-76,1.39804356515e-76
2221-05-06 00:00:16,6.00601608022e-67,4.18204169927e-62,3.31499453969e-33,1.39804356515e-76,1.3980432861e-76,1.39804356515e-76
2221-05-06 00:00:16,1.85357797219e-51,4.18204233679e-62,4.01177560368e+174,1.39804356515e-76,1.3980432861e-76,1.39804356515e-76
2221-05-06 00:00:16,6.69901912251e+170,4.18394078378e-62,1.22566406944e-46,1.39804356515e-76,1.3980432861e-76,1.39804356515e-76
2221-05-06 00:00:16,1.10929882394e-47,4.18394085916e-62,1.04067292807e-42,1.39804356515e-76,1.3980432861e-76,1.39804356515e-76
2221-05-06 00:00:16,2.64888527356e-32,4.18394072583e-62,5.85104772669e+170,1.39804356515e-76,1.3980432861e-76,1.39804356515e-76
2221-05-06 00:00:16,5.54000394776e+174,4.18489100723e-62,1.51951704862e-47,1.39804356515e-76,1.3980432861e-76,1.39804356515e-76
2221-05-06 00:00:16,7.66959763819e-42,4.18489103625e-62,1.12079588845e-47,1.39804356515e-76,1.3980432861e-76,1.39804356515e-76
2221-05-06 00:00:16,3.70229935696e-33,4.1820423369e-62,1.3392536155e-75,1.39804356515e-76,1.3980432861e-76,1.39804356515e-76
2221-05-06 00:00:16,1.92055862571e-52,4.18299129985e-62,6.04854246834e-66,1.39804356515e-76,1.3980432861e-76,1.39804356515e-76
2221-05-06 00:00:16,2.35903180577e+180,4.18014249867e-62,4.88870523427e-33,1.39804356515e-76,1.3980432861e-76,1.39804356515e-76
2221-05-06 00:00:16,4.18412247681e-62,4.1801425569e-62,5.29268864237e+174,1.39804356515e-76,1.3980432861e-76,1.39804356515e-76
2221-05-06 00:00:16,4.75729926866e-38,4.18204233712e-62,6.00749894802e-67,1.39804356515e-76,1.3980432861e-76,1.39804356515e-76
2221-05-06 00:00:16,1.24534254768e-47,4.18394149646e-62,2.44998008946e-56,1.39804356515e-76,1.3980432861e-76,1.39804356515e-76
2221-05-06 00:00:16,3.69778839739e-33,4.184890326e-62,1.16087541763e-46,1.39804356515e-76,1.3980432861e-76,1.39804356515e-76
2221-05-06 00:00:16,8.3902576339e+165,4.18204235394e-62,2.25452450534e+184,1.39804356515e-76,1.3980432861e-76,1.39804356515e-76
2221-05-06 00:00:16,2.4636552272e+184,4.18299124138e-62,7.49432259698e-67,1.39804356515e-76,1.3980432861e-76,1.39804356515e-76
2221-05-06 00:00:16,1.20886210899e+161,4.18394077201e-62,7.40698650916e-38,1.39804356515e-76,1.3980432861e-76,1.39804356515e-76
2221-05-06 00:00:16,2.31868344594e-52,4.18394143874e-62,6.29081810642e-66,1.39804356515e-76,1.3980432861e-76,1.39804356515e-76
2221-05-06 00:00:16,5.64151779309e-62,4.18394081316e-62,2.35866275798e+184,1.39804356515e-76,1.3980432861e-76,1.39804356515e-76
2221-05-06 00:00:16,2.14671004115e+184,4.18583989773e-62,5.19805252436e-62,1.39804356515e-76,1.3980432861e-76,1.39804356515e-76
2221-05-06 00:00:16,4.46890387532e-33,4.18394084168e-62,4.11998482608e-33,1.39804356515e-76,1.3980432861e-76,1.39804356515e-76
2221-05-06 00:00:16,2.62839053523e+179,4.18394080121e-62,8.98500622914e-67,1.39804356515e-76,1.3980432861e-76,1.39804356515e-76
2221-05-06 00:00:16,9.40854261884e-47,4.18394143595e-62,6.2387078034e+174,1.39804356515e-76,1.3980432861e-76,1.39804356515e-76
2221-05-06 00:00:16,1.2250234411e-46,4.18583994346e-62,2.65368834362e-32,1.39804356515e-76,1.3980432861e-76,1.39804356515e-76
2221-05-06 00:00:16,1.57212264741e-76,4.18489038686e-62,4.43004655403e-62,1.39804356515e-76,1.3980432861e-76,1.39804356515e-76
2221-05-06 00:00:16,1.53464271211e-75,4.18489038442e-62,3.93056619778e-61,1.39804356515e-76,1.3980432861e-76,1.39804356515e-76
2221-05-06 00:00:16,1.10635185273e-46,4.18489028255e-62,5.93854230658e-38,1.39804356515e-76,1.3980432861e-76,1.39804356515e-76
2221-05-06 00:00:16,2.25417763167e+184,4.18489039879e-62,1.56028719065e+161,1.39804356515e-76,1.3980432861e-76,1.39804356515e-76
2221-05-06 00:00:16,7.25365284246e-42,4.18489036988e-62,6.03194372403e+174,1.39804356515e-76,1.3980432861e-76,1.39804356515e-76
2221-05-06 00:00:16,6.4929774375e+169,4.18584057821e-62,2.87772520929e+180,1.39804356515e-76,1.3980432861e-76,1.39804356515e-76
2221-05-06 00:00:16,1.11640729472e-46,4.18583986823e-62,3.5997980003e+179,1.39804356515e-76,1.3980432861e-76,1.39804356515e-76
2221-05-06 00:00:16,1.10547291152e+165,4.18489100694e-62,1.74653013471e-76,1.39804356515e-76,1.3980432861e-76,1.39804356515e-76
2221-05-06 00:00:16,1.10588238297e+165,4.18489102177e-62,7.86234539474e-67,1.39804356515e-76,1.3980432861e-76,1.39804356515e-76
2221-05-06 00:00:16,3.43643874328e+179,4.22477172498e-62,1.23229570979e+165,1.39804356515e-76,1.3980432861e-76,1.39804356515e-76
2221-05-06 00:00:16,2.94814422487e+179,4.18678942535e-62,1.32324168118e-71,1.39804356515e-76,1.3980432861e-76,1.39804356515e-76
2221-05-06 00:00:16,1.48441156052e-76,4.18583984232e-62,4.08795734188e-37,1.39804356515e-76,1.3980432861e-76,1.39804356515e-76
2221-05-06 00:00:16,3.9664060311e-61,4.18679013497e-62,2.10823919077e-52,1.39804356515e-76,1.3980432861e-76,1.39804356515e-76
2221-05-06 00:00:16,7.49113046975e-67,4.1867893961e-62,5.78346603798e+174,1.39804356515e-76,1.3980432861e-76,1.39804356515e-76
2221-05-06 00:00:16,2.72587941637e-56,4.22572125299e-62,1.58660657499e-47,1.39804356515e-76,1.3980432861e-76,1.39804356515e-76
2221-05-06 00:00:16,2.59833093949e-56,4.22572134259e-62,2.60955385027e-57,1.39804356515e-76,1.3980432861e-76,1.39804356515e-76
2221-05-06 00:00:16,2.82036097295e+179,4.22572133977e-62,5.39748541146e-62,1.39804356515e-76,1.3980432861e-76,1.39804356515e-76
2221-05-06 00:00:16,1.46555441789e-75,4.22477179758e-62,6.28887140681e-38,1.39804356515e-76,1.3980432861e-76,1.39804356515e-76
2221-05-06 00:00:16,6.74930621901e-67,4.22477169599e-62,1.42417358844e+160,1.39804356515e-76,1.3980432861e-76,1.39804356515e-76
2221-05-06 00:00:16,6.76272316598e+170,4.18678948596e-62,8.69023227118e-71,1.39804356515e-76,1.3980432861e-76,1.39804356515e-76
2221-05-06 00:00:16,9.33349038949e+164,4.22477177128e-62,1.41920058199e+161,1.39804356515e-76,1.3980432861e-76,1.39804356515e-76
2221-05-06 00:00:16,2.51503001523e+180,4.22477168156e-62,3.24792339797e-57,1.39804356515e-76,1.3980432861e-76,1.39804356515e-76
2221-05-06 00:00:16,5.49478055602e+174,4.22477243794e-62,4.74716401274e-37,1.39804356515e-76,1.3980432861e-76,1.39804356515e-76
2221-05-06 00:00:16,2.01945314386e-76,4.22572199194e-62,3.85540637062e-57,1.39804356515e-76,1.3980432861e-76,1.39804356515e-76
2221-05-06 00:00:16,1.45166432801e+165,4.22572125317e-62,6.89493138357e-42,1.39804356515e-76,1.3980432861e-76,1.39804356515e-76
2221-05-06 00:00:16,5.79916495684e+170,4.22667078069e-62,2.65008427794e-32,1.39804356515e-76,1.3980432861e-76,1.39804356515e-76
2221-05-06 00:00:16,8.61403467553e-67,4.22572200897e-62,4.99915739289e+174,1.39804356515e-76,1.3980432861e-76,1.39804356515e-76
2221-05-06 00:00:16,2.16613982362e+184,4.22667154888e-62,2.19189451125e-76,1.39804356515e-76,1.3980432861e-76,1.39804356515e-76
2221-05-06 00:00:16,1.34656899881e+165,4.22667079516e-62,7.62636395611e+169,1.39804356515e-76,1.3980432861e-76,1.39804356515e-76
2221-05-06 00:00:16,9.8457951294e-72,4.22572193382e-62,1.47797207292e-75,1.39804356515e-76,1.3980432861e-76,1.39804356515e-76
2221-05-06 00:00:16,7.93189866952e-67,4.22572194847e-62,6.59124025986e-66,1.39804356515e-76,1.3980432861e-76,1.39804356515e-76
2221-05-06 00:00:16,2.8318204174e-56,4.22572128174e-62,6.58253872339e-38,1.39804356515e-76,1.3980432861e-76,1.39804356515e-76
2221-05-06 00:00:16,4.95591554661e-62,4.22477166719e-62,2.46696835614e+184,1.39804356515e-76,1.3980432861e-76,1.39804356515e-76
2221-05-06 00:00:16,1.09374779159e-42,4.18679012326e-62,2.14257332279e+160,1.39804356515e-76,1.3980432861e-76,1.39804356515e-76
2221-05-06 00:00:16,9.95690426247e-43,4.22477172781e-62,7.60093401377e-42,1.39804356515e-76,1.3980432861e-76,1.39804356515e-76
2221-05-06 00:00:16,1.71729800985e+185,4.22477240624e-62,1.60268256442e-51,1.39804356515e-76,1.3980432861e-76,1.39804356515e-76
2221-05-06 00:00:16,4.32116340945e-61,4.18678952949e-62,9.91648635183e+164,1.39804356515e-76,1.3980432861e-76,1.39804356515e-76
2221-05-06 00:00:16,7.11176767465e-38,4.18583994356e-62,4.55631478496e-37,1.39804356515e-76,1.3980432861e-76,1.39804356515e-76
2221-05-06 00:00:16,9.41536652124e-47,4.18584059575e-62,5.28996761546e+174,1.39804356515e-76,1.3980432861e-76,1.39804356515e-76
2221-05-06 00:00:16,1.88560236132e+185,4.18584057831e-62,1.02942109098e-71,1.39804356515e-76,1.3980432861e-76,1.39804356515e-76
2221-05-06 00:00:16,4.27633439077e-33,4.18489031175e-62,4.31167268987e-33,1.39804356515e-76,1.3980432861e-76,1.39804356515e-76
2221-05-06 00:00:16,2.21637257912e+160,4.18489031157e-62,1.49059447765e+161,1.39804356515e-76,1.3980432861e-76,1.39804356515e-76
2221-05-06 00:00:16,2.02374796807e-52,4.22477237982e-62,1.59970312207e-47,1.39804356515e-76,1.3980432861e-76,1.39804356515e-76
2221-05-06 00:00:16,2.35867248331e+184,4.22477167007e-62,8.69522743107e-71,1.39804356515e-76,1.3980432861e-76,1.39804356515e-76
2221-05-06 00:00:16,8.38435822769e+169,4.18679018128e-62,4.79705038315e+174,1.39804356515e-76,1.3980432861e-76,1.39804356515e-76
2221-05-06 00:00:16,1.32600888354e-47,4.22477176849e-62,4.85334048673e-33,1.39804356515e-76,1.3980432861e-76,1.39804356515e-76
2221-05-06 00:00:16,1.65989303416e-76,4.186789469e-62,1.71830556418e+185,1.39804356515e-76,1.3980432861e-76,1.39804356515e-76
2221-05-06 00:00:16,5.26252257555e-37,4.22477171072e-62,1.05954005616e+165,1.39804356515e-76,1.3980432861e-76,1.39804356515e-76
2221-05-06 00:00:16,7.62339827178e+169,4.18678951222e-62,1.27011471873e-75,1.39804356515e-76,1.3980432861e-76,1.39804356515e-76
2221-05-06 00:00:16,5.19768969539e+170,4.18584057866e-62,1.25720896001e-75,1.39804356515e-76,1.3980432861e-76,1.39804356515e-76
2221-05-06 00:00:16,4.27570844002e-33,4.18489028542e-62,4.90751411578e-62,1.39804356515e-76,1.3980432861e-76,1.39804356515e-76
2221-05-06 00:00:16,1.33581466172e+165,4.18584059303e-62,7.93159870049e-67,1.39804356515e-76,1.3980432861e-76,1.39804356515e-76
2221-05-06 00:00:16,7.60091211815e-42,4.18584059314e-62,2.08967735999e-76,1.39804356515e-76,1.3980432861e-76,1.39804356515e-76
2221-05-06 00:00:16,1.69103231552e-52,4.18583985658e-62,1.12948227093e-42,1.39804356515e-76,1.3980432861e-76,1.39804356515e-76
2221-05-06 00:00:16,8.32590340962e-71,4.18679016401e-62,1.1296909604e-42,1.39804356515e-76,1.3980432861e-76,1.39804356515e-76
2221-05-06 00:00:16,4.79582247619e-37,4.18584061013e-62,2.1653763777e+184,1.39804356515e-76,1.3980432861e-76,1.39804356515e-76
2221-05-06 00:00:16,7.62046713947e+169,4.1858399408e-62,3.69536305818e-57,1.39804356515e-76,1.3980432861e-76,1.39804356515e-76
2221-05-06 00:00:16,1.34706458229e+165,4.18583996983e-62,2.31949273673e-52,1.39804356515e-76,1.3980432861e-76,1.39804356515e-76
2221-05-06 00:00:16,8.75852389015e+169,4.18489035533e-62,2.25119030475e+184,1.39804356515e-76,1.3980432861e-76,1.39804356515e-76
2221-05-06 00:00:16,1.51898249561e-47,4.1858398684e-62,9.85120959358e+165,1.39804356515e-76,1.3980432861e-76,1.39804356515e-76
2221-05-06 00:00:16,1.21480345704e-46,4.18583992896e-62,3.8571614554e-57,1.39804356515e-76,1.3980432861e-76,1.39804356515e-76
2221-05-06 00:00:16,1.45094994971e+165,4.18583995822e-62,3.62944549552e+179,1.39804356515e-76,1.3980432861e-76,1.39804356515e-76
2221-05-06 00:00:16,1.38352761534e-47,4.18678941057e-62,1.32629936267e-75,1.39804356515e-76,1.3980432861e-76,1.39804356515e-76
2221-05-06 00:00:16,3.69717714032e-33,4.18679014976e-62,5.10975385868e-38,1.39804356515e-76,1.3980432861e-76,1.39804356515e-76
2221-05-06 00:00:16,6.75394159474e-67,4.18678939903e-62,8.69574248728e-43,1.39804356515e-76,1.3980432861e-76,1.39804356515e-76
2221-05-06 00:00:16,1.42079450213e+161,4.22477239159e-62,9.76481638962e+165,1.39804356515e-76,1.3980432861e-76,1.39804356515e-76
2221-05-06 00:00:16,2.04123454229e+184,4.22477243523e-62,6.34434622545e-66,1.39804356515e-76,1.3980432861e-76,1.39804356515e-76
2221-05-06 00:00:16,4.08147563097e-33,4.22477237975e-62,2.42145539832e-52,1.39804356515e-76,1.3980432861e-76,1.39804356515e-76
2221-05-06 00:00:16,5.03001375336e-37,4.22477240618e-62,1.20853066804e+161,1.39804356515e-76,1.3980432861e-76,1.39804356515e-76
2221-05-06 00:00:16,2.82024225435e+179,4.22477169639e-62,2.44749477273e-56,1.39804356515e-76,1.3980432861e-76,1.39804356515e-76
2221-05-06 00:00:16,2.0025777205e-76,4.22477179775e-62,6.10343146385e+170,1.39804356515e-76,1.3980432861e-76,1.39804356515e-76
2221-05-06 00:00:16,3.69928127521e-33,4.22477168428e-62,2.09136411166e-76,1.39804356515e-76,1.3980432861e-76,1.39804356515e-76
2221-05-06 00:00:16,1.42605094969e-71,4.22477171076e-62,9.51373261547e-47,1.39804356515e-76,1.3980432861e-76,1.39804356515e-76
2221-05-06 00:00:16,7.10832384354e-38,4.22477169888e-62,2.21297701846e-52,1.39804356515e-76,1.3980432861e-76,1.39804356515e-76
2221-05-06 00:00:16,7.49982392167e-67,4.22477237981e-62,1.25759132727e-47,1.39804356515e-76,1.3980432861e-76,1.39804356515e-76
2221-05-06 00:00:16,8.23616382676e-67,4.22477242045e-62,3.83686437985e+175,1.39804356515e-76,1.3980432861e-76,1.39804356515e-76
2221-05-06 00:00:16,1.68659517596e-51,4.2247716819e-62,3.53543156554e-57,1.39804356515e-76,1.3980432861e-76,1.39804356515e-76
2221-05-06 00:00:16,2.2125755592e-52,4.22477168151e-62,4.23429281488e+175,1.39804356515e-76,1.3980432861e-76,1.39804356515e-76
2221-05-06 00:00:16,9.39587733982e+165,4.18679012327e-62,3.69423027493e-57,1.39804356515e-76,1.3980432861e-76,1.39804356515e-76
2221-05-06 00:00:16,1.74081285691e+184,4.18678949785e-62,2.7013860173e-56,1.39804356515e-76,1.3980432861e-76,1.39804356515e-76
2221-05-06 00:00:16,1.46156105966e+165,4.22477178305e-62,1.10569609987e+165,1.39804356515e-76,1.3980432861e-76,1.39804356515e-76
2221-05-06 00:00:16,4.11922663204e-33,4.18679016678e-62,6.59619754103e-42,1.39804356515e-76,1.3980432861e-76,1.39804356515e-76
2221-05-06 00:00:16,9.20819644244e+169,4.18678950045e-62,1.19991892145e-71,1.39804356515e-76,1.3980432861e-76,1.39804356515e-76
2221-05-06 00:00:16,4.74642143644e-37,4.18679013549e-62,1.84739920241e-76,1.39804356515e-76,1.3980432861e-76,1.39804356515e-76
2221-05-06 00:00:16,9.50465023612e-43,4.18678945434e-62,7.60374755835e-42,1.39804356515e-76,1.3980432861e-76,1.39804356515e-76
2221-05-06 00:00:16,4.99899133831e+174,4.18678949785e-62,1.81451924202e-52,1.39804356515e-76,1.3980432861e-76,1.39804356515e-76
2221-05-06 00:00:16,5.44511903662e-62,4.1858405812e-62,1.45139281159e+165,1.39804356515e-76,1.3980432861e-76,1.39804356515e-76
2221-05-06 00:00:16,9.58407817058e+169,4.1867894108e-62,1.80095872741e+185,1.39804356515e-76,1.3980432861e-76,1.39804356515e-76
2221-05-06 00:00:16,1.70382223465e-51,4.18678941091e-62,6.5289242671e-42,1.39804356515e-76,1.3980432861e-76,1.39804356515e-76
2221-05-06 00:00:16,6.38129474085e-67,4.18678939909e-62,2.11020347309e-52,1.39804356515e-76,1.3980432861e-76,1.39804356515e-76
2221-05-06 00:00:16,4.08720707572e+179,4.18679013792e-62,3.50532764624e-33,1.39804356515e-76,1.3980432861e-76,1.39804356515e-76
2221-05-06 00:00:16,9.34893133177e-67,4.18678947137e-62,2.51301179928e+180,1.39804356515e-76,1.3980432861e-76,1.39804356515e-76
2221-05-06 00:00:16,2.17766122617e-76,4.18678944255e-62,8.16820287986e-43,1.39804356515e-76,1.3980432861e-76,1.39804356515e-76
2221-05-06 00:00:16,2.04040463917e+184,4.18678948579e-62,3.53933100246e-61,1.39804356515e-76,1.3980432861e-76,1.39804356515e-76
2221-05-06 00:00:16,1.78636988511e-51,4.18679010888e-62,2.25078832043e+184,1.39804356515e-76,1.3980432861e-76,1.39804356515e-76
2221-05-06 00:00:16,7.60540065229e-42,4.22477168196e-62,2.1931806594e-76,1.39804356515e-76,1.3980432861e-76,1.39804356515e-76
2221-05-06 00:00:16,2.23239864022e+180,4.2257213546e-62,6.45111402689e-67,1.39804356515e-76,1.3980432861e-76,1.39804356515e-76
2221-05-06 00:00:16,2.00460182251e-76,4.22572122667e-62,5.64074256923e-62,1.39804356515e-76,1.3980432861e-76,1.39804356515e-76
2221-05-06 00:00:16,6.58545820848e-66,4.18584062189e-62,1.68887520918e-51,1.39804356515e-76,1.3980432861e-76,1.39804356515e-76
2221-05-06 00:00:16,6.15908266729e+170,4.18489037242e-62,2.23341566295e+180,1.39804356515e-76,1.3980432861e-76,1.39804356515e-76
2221-05-06 00:00:16,1.48745166685e-76,4.22572194847e-62,1.96758533994e+160,1.39804356515e-76,1.3980432861e-76,1.39804356515e-76
2221-05-06 00:00:16,3.06059605276e-57,4.22572200655e-62,1.16436738366e+165,1.39804356515e-76,1.3980432861e-76,1.39804356515e-76
2221-05-06 00:00:16,8.24555482836e-43,4.2257213397e-62,1.29283574643e+161,1.39804356515e-76,1.3980432861e-76,1.39804356515e-76
2221-05-06 00:00:16,3.92648376207e-33,4.2247724089e-62,6.5825476917e-38,1.39804356515e-76,1.3980432861e-76,1.39804356515e-76
2221-05-06 00:00:16,7.67660413051e-42,4.22477244965e-62,5.4015198935e-38,1.39804356515e-76,1.3980432861e-76,1.39804356515e-76
2221-05-06 00:00:16,1.440366198e+160,4.22477240597e-62,3.40327836562e+175,1.39804356515e-76,1.3980432861e-76,1.39804356515e-76
2221-05-06 00:00:16,3.57519160734e-61,4.18678947142e-62,1.20880525995e+161,1.39804356515e-76,1.3980432861e-76,1.39804356515e-76
2221-05-06 00:00:16,1.10592588086e-46,4.2247724208e-62,2.19458170838e-56,1.39804356515e-76,1.3980432861e-76,1.39804356515e-76
2221-05-06 00:00:16,2.75159659763e+180,4.2247717543e-62,5.15455466383e-62,1.39804356515e-76,1.3980432861e-76,1.39804356515e-76
2221-05-06 00:00:16,6.88624442752e-42,4.22477240873e-62,5.24262325684e+174,1.39804356515e-76,1.3980432861e-76,1.39804356515e-76
2221-05-06 00:00:16,1.93443690632e-76,4.22477244982e-62,1.73762091325e-47,1.39804356515e-76,1.3980432861e-76,1.39804356515e-76
2221-05-06 00:00:16,1.32732511846e-75,4.22477175435e-62,7.24804764894e-42,1.39804356515e-76,1.3980432861e-76,1.39804356515e-76
2221-05-06 00:00:16,1.52058719849e-47,4.22477166735e-62,5.35445420172e-38,1.39804356515e-76,1.3980432861e-76,1.39804356515e-76
2221-05-06 00:00:16,9.58699020546e-43,4.2247724496e-62,1.20215338547e-75,1.39804356515e-76,1.3980432861e-76,1.39804356515e-76
2221-05-06 00:00:16,2.25077697399e+184,4.18678948592e-62,8.67345691003e-67,1.39804356515e-76,1.3980432861e-76,1.39804356515e-76
2221-05-06 00:00:16,2.64827166551e-32,4.18678952683e-62,1.10704489532e+165,1.39804356515e-76,1.3980432861e-76,1.39804356515e-76
2221-05-06 00:00:16,5.64247847748e-62,4.1867895265e-62,1.04085151151e-42,1.39804356515e-76,1.3980432861e-76,1.39804356515e-76
2221-05-06 00:00:16,2.51504386573e+180,4.18679013549e-62,2.67576517176e+184,1.39804356515e-76,1.3980432861e-76,1.39804356515e-76
2221-05-06 00:00:16,1.66839735125e-47,4.1867895295e-62,2.9595519737e-32,1.39804356515e-76,1.3980432861e-76,1.39804356515e-76
2221-05-06 00:00:16,3.856028672e-57,4.18679015225e-62,8.38097862463e+165,1.39804356515e-76,1.3980432861e-76,1.39804356515e-76
2221-05-06 00:00:16,2.73949818789e-57,4.18679014993e-62,1.51876637759e-47,1.39804356515e-76,1.3980432861e-76,1.39804356515e-76
2221-05-06 00:00:16,6.82465512875e-67,4.18678942806e-62,1.22195260153e+165,1.39804356515e-76,1.3980432861e-76,1.39804356515e-76
2221-05-06 00:00:16,2.14359767924e+160,4.18679010628e-62,3.42046565965e-32,1.39804356515e-76,1.3980432861e-76,1.39804356515e-76
2221-05-06 00:00:16,7.16914692313e-38,4.18678939644e-62,1.33693763283e+165,1.39804356515e-76,1.3980432861e-76,1.39804356515e-76
2221-05-06 00:00:16,2.27202541133e+184,4.18679012088e-62,5.44416948007e-62,1.39804356515e-76,1.3980432861e-76,1.39804356515e-76
2221-05-06 00:00:16,1.32627720406e-47,4.18679016447e-62,2.46489035654e+184,1.39804356515e-76,1.3980432861e-76,1.39804356515e-76
2221-05-06 00:00:16,2.01978785864e-76,4.18678951245e-62,4.7621152515e-38,1.39804356515e-76,1.3980432861e-76,1.39804356515e-76
2221-05-06 00:00:16,6.00105901481e-66,4.18679018122e-62,2.0238212504e-52,1.39804356515e-76,1.3980432861e-76,1.39804356515e-76
2221-05-06 00:00:16,1.27773825384e+165,4.22477179758e-62,3.9259964558e-61,1.39804356515e-76,1.3980432861e-76,1.39804356515e-76
2221-05-06 00:00:16,4.25136560799e+174,4.22477169628e-62,2.16488362272e+184,1.39804356515e-76,1.3980432861e-76,1.39804356515e-76
2221-05-06 00:00:16,3.88651415427e-57,4.22477245221e-62,1.4786230613e+185,1.39804356515e-76,1.3980432861e-76,1.39804356515e-76
2221-05-06 00:00:16,1.5323515394e-47,4.22477243772e-62,9.59574832128e-43,1.39804356515e-76,1.3980432861e-76,1.39804356515e-76
2221-05-06 00:00:16,1.48944355135e+161,4.22477168457e-62,6.52649575312e-38,1.39804356515e-76,1.3980432861e-76,1.39804356515e-76
2221-05-06 00:00:16,2.33654837864e-52,4.22477243794e-62,4.08449077416e-33,1.39804356515e-76,1.3980432861e-76,1.39804356515e-76
2221-05-06 00:00:16,1.50269041398e-76,4.22572134022e-62,2.78922454886e+179,1.39804356515e-76,1.3980432861e-76,1.39804356515e-76
2221-05-06 00:00:16,1.22587789057e-46,4.22572193409e-62,4.85336105788e-33,1.39804356515e-76,1.3980432861e-76,1.39804356515e-76
2221-05-06 00:00:16,9.20521348264e+169,4.22572199223e-62,2.51352624651e+180,1.39804356515e-76,1.3980432861e-76,1.39804356515e-76
2221-05-06 00:00:16,2.64327973229e+180,4.22572134247e-62,5.53710931881e+174,1.39804356515e-76,1.3980432861e-76,1.39804356515e-76
2221-05-06 00:00:16,2.62967912663e+179,4.22572199459e-62,3.60094561336e+179,1.39804356515e-76,1.3980432861e-76,1.39804356515e-76
2221-05-06 00:00:16,2.74136023074e-57,4.2257212556e-62,7.63223773796e+169,1.39804356515e-76,1.3980432861e-76,1.39804356515e-76
2221-05-06 00:00:16,2.2507785949e+184,4.22572131084e-62,2.03915168008e+184,1.39804356515e-76,1.3980432861e-76,1.39804356515e-76
2221-05-06 00:00:16,9.31133290825e+165,4.22477175678e-62,4.18601417217e-62,1.39804356515e-76,1.3980432861e-76,1.39804356515e-76
2221-05-06 00:00:16,1.11619347354e-46,4.18678941091e-62,1.71216467982e-52,1.39804356515e-76,1.3980432861e-76,1.39804356515e-76
2221-05-06 00:00:16,9.13767650858e+169,4.18583983971e-62,1.60100648567e+160,1.39804356515e-76,1.3980432861e-76,1.39804356515e-76
2221-05-06 00:00:16,2.1102018799e-52,4.18583991194e-62,1.38160760982e-47,1.39804356515e-76,1.3980432861e-76,1.39804356515e-76
2221-05-06 00:00:16,1.57429137781e+161,4.18583984215e-62,1.05182912318e-46,1.39804356515e-76,1.3980432861e-76,1.39804356515e-76
2221-05-06 00:00:16,1.22060029126e+165,4.18584054939e-62,4.46981194488e-33,1.39804356515e-76,1.3980432861e-76,1.39804356515e-76
2221-05-06 00:00:16,1.04856070571e-42,4.18678951212e-62,4.04633868898e-57,1.39804356515e-76,1.3980432861e-76,1.39804356515e-76
2221-05-06 00:00:16,2.6437882436e+180,4.18678950046e-62,2.11068617994e-52,1.39804356515e-76,1.3980432861e-76,1.39804356515e-76
2221-05-06 00:00:16,8.97340929977e-67,4.18678948602e-62,4.79704660919e+174,1.39804356515e-76,1.3980432861e-76,1.39804356515e-76
2221-05-06 00:00:16,1.24534254768e-47,4.1867901644e-62,1.81492707355e-52,1.39804356515e-76,1.3980432861e-76,1.39804356515e-76
2221-05-06 00:00:16,1.10592922181e-46,4.18678952677e-62,1.05204795579e-46,1.39804356515e-76,1.3980432861e-76,1.39804356515e-76
2221-05-06 00:00:16,2.44599347018e-56,4.18679017884e-62,8.24246420394e-71,1.39804356515e-76,1.3980432861e-76,1.39804356515e-76
2221-05-06 00:00:16,6.10969013734e+169,4.18678942535e-62,1.95145440622e+160,1.39804356515e-76,1.3980432861e-76,1.39804356515e-76
2221-05-06 00:00:16,1.41464065898e-76,4.18678941087e-62,5.39965325611e-66,1.39804356515e-76,1.3980432861e-76,1.39804356515e-76
2221-05-06 00:00:16,5.40175417338e-66,4.18678952671e-62,1.21005173801e-71,1.39804356515e-76,1.3980432861e-76,1.39804356515e-76
2221-05-06 00:00:16,2.57303243769e-56,4.18678943985e-62,3.14190406136e-32,1.39804356515e-76,1.3980432861e-76,1.39804356515e-76
2221-05-06 00:00:16,2.67956567611e-32,4.18679012082e-62,1.04941662143e+165,1.39804356515e-76,1.3980432861e-76,1.39804356515e-76
2221-05-06 00:00:16,5.39713124921e-66,4.18678943989e-62,3.1136169653e-32,1.39804356515e-76,1.3980432861e-76,1.39804356515e-76
2221-05-06 00:00:16,4.76190449593e-38,4.18584059569e-62,1.57279603038e-76,1.39804356515e-76,1.3980432861e-76,1.39804356515e-76
2221-05-06 00:00:16,2.62651329749e+179,4.18583994114e-62,9.4175214383e-47,1.39804356515e-76,1.3980432861e-76,1.39804356515e-76
2221-05-06 00:00:16,5.49558063606e+174,4.18584059309e-62,6.12265276803e+169,1.39804356515e-76,1.3980432861e-76,1.39804356515e-76
2221-05-06 00:00:16,2.95944617907e-32,4.18584054934e-62,5.75412423013e-66,1.39804356515e-76,1.3980432861e-76,1.39804356515e-76
2221-05-06 00:00:16,3.37559973822e-57,4.18584056405e-62,2.63107602508e-52,1.39804356515e-76,1.3980432861e-76,1.39804356515e-76
2221-05-06 00:00:16,5.44400998398e-62,4.18584062201e-62,9.27984109601e-72,1.39804356515e-76,1.3980432861e-76,1.39804356515e-76
2221-05-06 00:00:16,1.53181803051e-47,4.18584056388e-62,1.32629725423e-75,1.39804356515e-76,1.3980432861e-76,1.39804356515e-76
2221-05-06 00:00:16,5.69965884803e-66,4.18583983948e-62,1.50427473224e+161,1.39804356515e-76,1.3980432861e-76,1.39804356515e-76
2221-05-06 00:00:16,1.84813715618e-76,4.18489031452e-62,8.69200786743e-71,1.39804356515e-76,1.3980432861e-76,1.39804356515e-76
2221-05-06 00:00:16,2.03915492179e+184,4.1848903144e-62,1.25629842062e-71,1.39804356515e-76,1.3980432861e-76,1.39804356515e-76
2221-05-06 00:00:16,6.93936182367e+169,4.18584054951e-62,1.57212396526e-76,1.39804356515e-76,1.3980432861e-76,1.39804356515e-76
2221-05-06 00:00:16,3.14252613399e+179,4.18489038697e-62,8.24955277109e-71,1.39804356515e-76,1.3980432861e-76,1.39804356515e-76
2221-05-06 00:00:16,5.53999639983e+174,4.18489100745e-62,6.2919953447e-66,1.39804356515e-76,1.3980432861e-76,1.39804356515e-76
2221-05-06 00:00:16,2.19217651496e-76,4.18489099296e-62,3.38298944689e-61,1.39804356515e-76,1.3980432861e-76,1.39804356515e-76
2221-05-06 00:00:16,6.52192639881e-38,4.1848910507e-62,1.57351694289e+161,1.39804356515e-76,1.3980432861e-76,1.39804356515e-76
2221-05-06 00:00:16,6.286369248e-38,4.18584057844e-62,4.31319789379e-33,1.39804356515e-76,1.3980432861e-76,1.39804356515e-76
2221-05-06 00:00:16,8.3238376381e-71,4.18583987102e-62,2.61005947026e-57,1.39804356515e-76,1.3980432861e-76,1.39804356515e-76
2221-05-06 00:00:16,2.59842428472e-56,4.18678943951e-62,6.28750822367e-38,1.39804356515e-76,1.3980432861e-76,1.39804356515e-76
2221-05-06 00:00:16,1.46469101188e-75,4.18583997266e-62,1.42719610569e-71,1.39804356515e-76,1.3980432861e-76,1.39804356515e-76
2221-05-06 00:00:16,2.00325901004e-76,4.18679016401e-62,1.77399670514e+160,1.39804356515e-76,1.3980432861e-76,1.39804356515e-76
2221-05-06 00:00:16,2.82793103285e-56,4.18679010635e-62,1.42485872743e+160,1.39804356515e-76,1.3980432861e-76,1.39804356515e-76
2221-05-06 00:00:16,7.61901021122e+169,4.18678945445e-62,1.47819345907e-75,1.39804356515e-76,1.3980432861e-76,1.39804356515e-76
2221-05-06 00:00:16,4.90844141709e-62,4.18679013775e-62,4.23428375737e+175,1.39804356515e-76,1.3980432861e-76,1.39804356515e-76
2221-05-06 00:00:16,1.22195084409e+165,4.22477176856e-62,6.57931461588e-38,1.39804356515e-76,1.3980432861e-76,1.39804356515e-76
2221-05-06 00:00:16,2.57194785812e+184,4.1867893991e-62,2.95642515873e-32,1.39804356515e-76,1.3980432861e-76,1.39804356515e-76
2221-05-06 00:00:16,3.34792112808e-61,4.224772435e-62,3.34946003406e-33,1.39804356515e-76,1.3980432861e-76,1.39804356515e-76
2221-05-06 00:00:16,4.01160577514e+174,4.22477166736e-62,8.45218313258e+169,1.39804356515e-76,1.3980432861e-76,1.39804356515e-76
2221-05-06 00:00:16,3.6019065366e+175,4.22477173974e-62,9.50641554418e-43,1.39804356515e-76,1.3980432861e-76,1.39804356515e-76
2221-05-06 00:00:16,6.38736204583e-67,4.2247723775e-62,2.65018772144e-32,1.39804356515e-76,1.3980432861e-76,1.39804356515e-76
2221-05-06 00:00:16,1.60094212811e+160,4.22477167001e-62,1.83053300347e-76,1.39804356515e-76,1.3980432861e-76,1.39804356515e-76
2221-05-06 00:00:16,7.69148231376e+169,4.22477243783e-62,4.49852995535e+174,1.39804356515e-76,1.3980432861e-76,1.39804356515e-76
2221-05-06 00:00:16,7.69269162178e+169,4.22572131112e-62,5.49362572375e+174,1.39804356515e-76,1.3980432861e-76,1.39804356515e-76
2221-05-06 00:00:16,1.43628984935e-51,4.22572135464e-62,2.21215816922e-52,1.39804356515e-76,1.3980432861e-76,1.39804356515e-76
2221-05-06 00:00:16,9.27981518697e-72,4.22572199222e-62,2.52904167436e-52,1.39804356515e-76,1.3980432861e-76,1.39804356515e-76
2221-05-06 00:00:16,2.81835512339e+179,4.22572197762e-62,3.56590975521e-57,1.39804356515e-76,1.3980432861e-76,1.39804356515e-76
2221-05-06 00:00:16,8.70052658367e-71,4.2257212847e-62,7.71799469453e-43,1.39804356515e-76,1.3980432861e-76,1.39804356515e-76
2221-05-06 00:00:16,8.97626183868e-67,4.22572125328e-62,1.8168928672e+185,1.39804356515e-76,1.3980432861e-76,1.39804356515e-76
2221-05-06 00:00:16,1.81616490586e-52,4.22572134271e-62,1.20102262379e-71,1.39804356515e-76,1.3980432861e-76,1.39804356515e-76
2221-05-06 00:00:16,1.72345526022e-47,4.22667085318e-62,2.23214350725e-52,1.39804356515e-76,1.3980432861e-76,1.39804356515e-76
2221-05-06 00:00:16,3.60232571685e+179,4.22667084129e-62,2.49274257822e+180,1.39804356515e-76,1.3980432861e-76,1.39804356515e-76
2221-05-06 00:00:16,3.11541872199e+179,4.22667091374e-62,6.76174650607e+170,1.39804356515e-76,1.3980432861e-76,1.39804356515e-76
2221-05-06 00:00:16,2.23263258637e-52,4.22762035217e-62,4.04634355071e-57,1.39804356515e-76,1.3980432861e-76,1.39804356515e-76
2221-05-06 00:00:16,3.93799810268e-62,4.22762043894e-62,4.79625785104e+174,1.39804356515e-76,1.3980432861e-76,1.39804356515e-76
2221-05-06 00:00:16,1.10528775828e-46,4.22762042434e-62,1.04135627592e-71,1.39804356515e-76,1.3980432861e-76,1.39804356515e-76
2221-05-06 00:00:16,9.14096427105e-71,4.22667156586e-62,1.70426135532e+160,1.39804356515e-76,1.3980432861e-76,1.39804356515e-76
2221-05-06 00:00:16,4.19858207265e+175,4.22762035183e-62,6.17160410634e-42,1.39804356515e-76,1.3980432861e-76,1.39804356515e-76
2221-05-06 00:00:16,9.1430162247e-71,4.22667088227e-62,1.32390752978e-71,1.39804356515e-76,1.3980432861e-76,1.39804356515e-76
2221-05-06 00:00:16,1.00195571693e+165,4.22667153422e-62,1.17826032972e-47,1.39804356515e-76,1.3980432861e-76,1.39804356515e-76
2221-05-06 00:00:16,4.00966595846e+174,4.22572123856e-62,1.83126832178e-76,1.39804356515e-76,1.3980432861e-76,1.39804356515e-76
2221-05-06 00:00:16,3.69722023915e-57,4.22572126748e-62,7.40582511299e-38,1.39804356515e-76,1.3980432861e-76,1.39804356515e-76
2221-05-06 00:00:16,4.01334455353e-57,4.2247724235e-62,2.16530829971e+184,1.39804356515e-76,1.3980432861e-76,1.39804356515e-76
2221-05-06 00:00:16,8.16673178974e-43,4.22477245237e-62,1.25878080172e-75,1.39804356515e-76,1.3980432861e-76,1.39804356515e-76
2221-05-06 00:00:16,4.76785048558e-38,4.18678939892e-62,3.14444047145e+179,1.39804356515e-76,1.3980432861e-76,1.39804356515e-76
2221-05-06 00:00:16,3.29465720111e-32,4.22477243529e-62,2.00432772544e-76,1.39804356515e-76,1.3980432861e-76,1.39804356515e-76
2221-05-06 00:00:16,7.25202711729e-42,4.18678945405e-62,5.63884716489e-62,1.39804356515e-76,1.3980432861e-76,1.39804356515e-76
2221-05-06 00:00:16,3.12241036128e-33,4.18583994351e-62,2.14332416004e+160,1.39804356515e-76,1.3980432861e-76,1.39804356515e-76
2221-05-06 00:00:16,1.27970789347e+161,4.18583992914e-62,1.28947497099e+165,1.39804356515e-76,1.3980432861e-76,1.39804356515e-76
2221-05-06 00:00:16,1.1632365043e+165,4.22477242056e-62,1.78708486484e-51,1.39804356515e-76,1.3980432861e-76,1.39804356515e-76
2221-05-06 00:00:16,2.3186133499e-52,4.22477178321e-62,8.32737501317e-71,1.39804356515e-76,1.3980432861e-76,1.39804356515e-76
2221-05-06 00:00:16,1.34940382434e+161,4.22477171065e-62,5.40642237622e-66,1.39804356515e-76,1.3980432861e-76,1.39804356515e-76
2221-05-06 00:00:16,9.77594417127e+165,4.22477240596e-62,4.12655768341e-61,1.39804356515e-76,1.3980432861e-76,1.39804356515e-76
2221-05-06 00:00:16,1.39804855719e-76,4.18678952694e-62,3.8933789026e-33,1.39804356515e-76,1.3980432861e-76,1.39804356515e-76
2221-05-06 00:00:16,4.98886355897e-37,4.18678939648e-62,9.68038626836e-71,1.39804356515e-76,1.3980432861e-76,1.39804356515e-76
2221-05-06 00:00:16,4.25233551634e+174,4.22477240635e-62,5.53809054904e+174,1.39804356515e-76,1.3980432861e-76,1.39804356515e-76
2221-05-06 00:00:16,4.66541420468e-33,4.22477243528e-62,4.01707350112e-57,1.39804356515e-76,1.3980432861e-76,1.39804356515e-76
2221-05-06 00:00:16,4.15998504906e-61,4.22477172538e-62,1.42719783293e-71,1.39804356515e-76,1.3980432861e-76,1.39804356515e-76
2221-05-06 00:00:16,3.95424472519e+179,4.22477243533e-62,2.23263258646e-52,1.39804356515e-76,1.3980432861e-76,1.39804356515e-76
2221-05-06 00:00:16,9.96916336917e-47,4.22477168433e-62,5.49254893766e+170,1.39804356515e-76,1.3980432861e-76,1.39804356515e-76
2221-05-06 00:00:16,1.90359310476e+185,4.22477239199e-62,7.11520702188e-38,1.39804356515e-76,1.3980432861e-76,1.39804356515e-76
2221-05-06 00:00:16,1.04123194211e-42,4.22477243783e-62,9.23294292105e-71,1.39804356515e-76,1.3980432861e-76,1.39804356515e-76
2221-05-06 00:00:16,7.4618860196e-38,4.22477171343e-62,3.88578003308e-57,1.39804356515e-76,1.3980432861e-76,1.39804356515e-76
2221-05-06 00:00:16,5.73535179079e+174,4.22477243544e-62,7.24160245188e+169,1.39804356515e-76,1.3980432861e-76,1.39804356515e-76
2221-05-06 00:00:16,2.3186433519e-56,4.22477245238e-62,2.6581567492e+179,1.39804356515e-76,1.3980432861e-76,1.39804356515e-76
2221-05-06 00:00:16,9.06152380817e-43,4.22477178598e-62,8.0156527654e+165,1.39804356515e-76,1.3980432861e-76,1.39804356515e-76
2221-05-06 00:00:16,9.41411524174e-67,4.22477171088e-62,2.21500681134e-56,1.39804356515e-76,1.3980432861e-76,1.39804356515e-76
2221-05-06 00:00:16,1.51134981474e+160,4.22477178326e-62,8.69575617184e-43,1.39804356515e-76,1.3980432861e-76,1.39804356515e-76
2221-05-06 00:00:16,3.92144376735e+179,4.22477171093e-62,7.79676881714e-71,1.39804356515e-76,1.3980432861e-76,1.39804356515e-76
2221-05-06 00:00:16,2.65511705842e+179,4.22477237727e-62,2.47089525487e-56,1.39804356515e-76,1.3980432861e-76,1.39804356515e-76
2221-05-06 00:00:16,5.44117244127e-62,4.22572133976e-62,2.61786010307e+180,1.39804356515e-76,1.3980432861e-76,1.39804356515e-76
2221-05-06 00:00:16,7.86642610978e-67,4.22477240896e-62,1.52046245365e-51,1.39804356515e-76,1.3980432861e-76,1.39804356515e-76
2221-05-06 00:00:16,4.04369334998e-37,4.22477242067e-62,2.97980251641e+179,1.39804356515e-76,1.3980432861e-76,1.39804356515e-76
2221-05-06 00:00:16,7.11195600916e-38,4.2247717252e-62,3.46809950812e+179,1.39804356515e-76,1.3980432861e-76,1.39804356515e-76
2221-05-06 00:00:16,1.25866147714e-47,4.22477175446e-62,1.53266684218e-47,1.39804356515e-76,1.3980432861e-76,1.39804356515e-76
2221-05-06 00:00:16,3.56603372919e-57,4.18489100989e-62,4.01470340741e-57,1.39804356515e-76,1.3980432861e-76,1.39804356515e-76
2221-05-06 00:00:16,1.32438856431e-71,4.22477240897e-62,7.86524887184e-67,1.39804356515e-76,1.3980432861e-76,1.39804356515e-76
2221-05-06 00:00:16,3.34425939977e-61,4.22857001303e-62,6.28007043157e+174,1.39804356515e-76,1.3980432861e-76,1.39804356515e-76
